name,party,stateAbbr,district,stateDistrict,phone,area,searchTerms,targeted
Nicholas Begich III,R,AK,00,AK00,(202) 225-5765,,,
Barry Moore,R,AL,01,AL01,(202) 225-2901,,,
Shomari Figures,D,AL,02,AL02,(202) 225-4931,,,
Mike Rogers,R,AL,03,AL03,(202) 225-3261,,,
Robert Aderholt,R,AL,04,AL04,(202) 225-4876,,,
Dale Strong,R,AL,05,AL05,(202) 225-4801,,,
Gary Palmer,R,AL,06,AL06,(202) 225-4921,,,
Terri Sewell,D,AL,07,AL07,(202) 225-2665,,,
Eric Crawford,R,AR,01,AR01,(202) 225-4076,,,
J. Hill,R,AR,02,AR02,(202) 225-2506,,,
Steve Womack,R,AR,03,AR03,(202) 225-4301,,,
Bruce Westerman,R,AR,04,AR04,(202) 225-3772,,,
Aumua Amata Radewagen,R,AS,Delegate,ASDelegate,(202) 225-8577,,,
David Schweikert,R,AZ,01,AZ01,(202) 225-2190,Scottsdale,Scottsdale|Paradise Valley|Fountain Hills|North Phoenix|Cave Creek|Carefree|Rio Verde|Gainey Ranch|McCormick Ranch|Arcadia,Y
Elijah Crane,R,AZ,02,AZ02,(202) 225-3361,,,
Yassamin Ansari,D,AZ,03,AZ03,(202) 225-4065,,,
Greg Stanton,D,AZ,04,AZ04,(202) 225-9888,,,
Andy Biggs,R,AZ,05,AZ05,(202) 225-2635,,,
Juan Ciscomani,R,AZ,06,AZ06,(202) 225-2542,Tucson,Tucson|Cochise County|Sierra Vista|Oro Valley|Marana|Vail|Sahuarita|Green Valley|Douglas|Benson|Willcox|Tanque Verde,Y
Adelita Grijalva,D,AZ,07,AZ07,(202) 225-2435,,,
Abraham Hamadeh,R,AZ,08,AZ08,(202) 225-4576,,,
Paul Gosar,R,AZ,09,AZ09,(202) 225-2315,,,
 ,,CA,01,CA01,(202) 225-3076,,,
Jared Huffman,D,CA,02,CA02,(202) 225-5161,,,
Kevin Kiley,I,CA,03,CA03,(202) 225-2523,,,
Mike Thompson,D,CA,04,CA04,(202) 225-3311,,,
Tom McClintock,R,CA,05,CA05,(202) 225-2511,,,
Ami Bera,D,CA,06,CA06,(202) 225-5716,,,
Doris Matsui,D,CA,07,CA07,(202) 225-7163,,,
John Garamendi,D,CA,08,CA08,(202) 225-1880,Sacramento area,Sacramento|Yolo|Davis|Woodland|Vacaville|West Sacramento|Fairfield|Dixon|Winters|Elk Grove|Natomas|Rancho Cordova,Y
Josh Harder,D,CA,09,CA09,(202) 225-4540,Stockton/Tracy,Stockton|Tracy|Manteca|Lodi|San Joaquin|Ripon|Escalon|Lathrop|Mountain House|French Camp,Y
Mark DeSaulnier,D,CA,10,CA10,(202) 225-2095,,,
Nancy Pelosi,D,CA,11,CA11,(202) 225-4965,,,
Lateefah Simon,D,CA,12,CA12,(202) 225-2661,,,
Adam Gray,D,CA,13,CA13,(202) 225-1947,Modesto,Modesto|Turlock|Merced|Stanislaus|Atwater|Livingston|Los Banos|Gustine|Patterson|Newman|Oakdale|Riverbank|Ceres|Hughson,Y
Eric Swalwell,D,CA,14,CA14,(202) 225-5065,,,
Kevin Mullin,D,CA,15,CA15,(202) 225-3531,,,
Sam Liccardo,D,CA,16,CA16,(202) 225-8104,,,
Ro Khanna,D,CA,17,CA17,(202) 225-2631,,,
Zoe Lofgren,D,CA,18,CA18,(202) 225-3072,,,
Jimmy Panetta,D,CA,19,CA19,(202) 225-2861,Monterey/Salinas,Monterey|Salinas|Santa Cruz|Watsonville|Carmel|Pacific Grove|Seaside|Marina|Hollister|Gilroy|Capitola|Aptos|Soquel|Castroville,Y
Vince Fong,R,CA,20,CA20,(202) 225-2915,,,
Jim Costa,D,CA,21,CA21,(202) 225-3341,Fresno,Fresno|Clovis|Madera|Sanger|Selma|Reedley|Kerman|Fowler|Kingsburg|Parlier|Coalinga|Chowchilla,Y
David Valadao,R,CA,22,CA22,(202) 225-4695,Bakersfield,Bakersfield|Hanford|Delano|Kern County|Tulare|Visalia|Porterville|Wasco|Shafter|McFarland|Arvin|Lemoore|Corcoran,Y
Jay Obernolte,R,CA,23,CA23,(202) 225-5861,,,
Salud Carbajal,D,CA,24,CA24,(202) 225-3601,,,
Raul Ruiz,D,CA,25,CA25,(202) 225-5330,Palm Springs/Coachella Valley,Palm Springs|Coachella|Indio|Palm Desert|Cathedral City|Riverside County|Rancho Mirage|La Quinta|Desert Hot Springs|Bermuda Dunes|Thousand Palms|Blythe|Beaumont|Banning|Hemet,Y
Julia Brownley,D,CA,26,CA26,(202) 225-5811,,,
George Whitesides,D,CA,27,CA27,(202) 225-1956,,,
Judy Chu,D,CA,28,CA28,(202) 225-5464,,,
Luz Rivas,D,CA,29,CA29,(202) 225-6131,,,
Laura Friedman,D,CA,30,CA30,(202) 225-4176,,,
Gilbert Cisneros Jr.,D,CA,31,CA31,(202) 225-5256,,,
Brad Sherman,D,CA,32,CA32,(202) 225-5911,,,
Pete Aguilar,D,CA,33,CA33,(202) 225-3201,,,
Jimmy Gomez,D,CA,34,CA34,(202) 225-6235,,,
Norma Torres,D,CA,35,CA35,(202) 225-6161,,,
Ted Lieu,D,CA,36,CA36,(202) 225-3976,,,
Sydney Kamlager-Dove,D,CA,37,CA37,(202) 225-7084,,,
Linda Sánchez,D,CA,38,CA38,(202) 225-6676,,,
Mark Takano,D,CA,39,CA39,(202) 225-2305,,,
Young Kim,R,CA,40,CA40,(202) 225-4111,Orange County,Orange County|Fullerton|Brea|Diamond Bar|Rowland Heights|Yorba Linda|Placentia|La Habra|Walnut|Chino Hills|Hacienda Heights|Buena Park|West Covina|Industry,Y
Ken Calvert,R,CA,41,CA41,(202) 225-1986,,,
Robert Garcia,D,CA,42,CA42,(202) 225-7924,,,
Maxine Waters,D,CA,43,CA43,(202) 225-2201,,,
Nanette Barragán,D,CA,44,CA44,(202) 225-8220,,,
Derek Tran,D,CA,45,CA45,(202) 225-2415,,,
J. Correa,D,CA,46,CA46,(202) 225-2965,,,
Dave Min,D,CA,47,CA47,(202) 225-5611,,,
Darrell Issa,R,CA,48,CA48,(202) 225-5672,,,
Mike Levin,D,CA,49,CA49,(202) 225-3906,,,
Scott Peters,D,CA,50,CA50,(202) 225-0508,,,
Sara Jacobs,D,CA,51,CA51,(202) 225-2040,,,
Juan Vargas,D,CA,52,CA52,(202) 225-8045,,,
Diana DeGette,D,CO,01,CO01,(202) 225-4431,,,
Joe Neguse,D,CO,02,CO02,(202) 225-2161,,,
Jeff Hurd,R,CO,03,CO03,(202) 225-4676,Grand Junction/Western Slope,Grand Junction|Western Slope|Durango|Pueblo|Montrose|Glenwood Springs|Steamboat Springs|Aspen|Telluride|Cortez|Delta|Alamosa|Trinidad|Canon City|Salida,Y
Lauren Boebert,R,CO,04,CO04,(202) 225-4761,,,
Jeff Crank,R,CO,05,CO05,(202) 225-4422,,,
Jason Crow,D,CO,06,CO06,(202) 225-7882,,,
Brittany Pettersen,D,CO,07,CO07,(202) 225-2645,,,
Gabe Evans,R,CO,08,CO08,(202) 225-5625,,,
John Larson,D,CT,01,CT01,(202) 225-2265,,,
Joe Courtney,D,CT,02,CT02,(202) 225-2076,,,
Rosa DeLauro,D,CT,03,CT03,(202) 225-3661,,,
James Himes,D,CT,04,CT04,(202) 225-5541,,,
Jahana Hayes,D,CT,05,CT05,(202) 225-4476,,,
Eleanor Norton,D,DC,Delegate,DCDelegate,(202) 225-8050,,,
Sarah McBride,D,DE,00,DE00,(202) 225-4165,,,
Jimmy Patronis,R,FL,01,FL01,(202) 225-4136,,,
Neal Dunn,R,FL,02,FL02,(202) 225-5235,,,
Kat Cammack,R,FL,03,FL03,(202) 225-5744,,,
Aaron Bean,R,FL,04,FL04,(202) 225-0123,Jacksonville,Jacksonville|Nassau County|Fernandina Beach|Amelia Island|Atlantic Beach|Neptune Beach|Jacksonville Beach|Ponte Vedra|Yulee|Callahan|Mandarin|San Marco,Y
John Rutherford,R,FL,05,FL05,(202) 225-2501,,,
Randy Fine,R,FL,06,FL06,(202) 225-2706,,,
Cory Mills,R,FL,07,FL07,(202) 225-4035,,,
Mike Haridopolos,R,FL,08,FL08,(202) 225-3671,Space Coast/Melbourne,Space Coast|Melbourne|Brevard County|Titusville|Palm Bay|Cocoa|Cocoa Beach|Merritt Island|Rockledge|Satellite Beach|Indian Harbour Beach|Viera|Cape Canaveral,Y
Darren Soto,D,FL,09,FL09,(202) 225-9889,,,
Maxwell Frost,D,FL,10,FL10,(202) 225-2176,,,
Daniel Webster,R,FL,11,FL11,(202) 225-1002,,,
Gus Bilirakis,R,FL,12,FL12,(202) 225-5755,,,
Anna Paulina Luna,R,FL,13,FL13,(202) 225-5961,,,
Kathy Castor,D,FL,14,FL14,(202) 225-3376,,,
Laurel Lee,R,FL,15,FL15,(202) 225-5626,Lakeland/East Tampa,Lakeland|Plant City|East Tampa|East Hillsborough|Brandon|Valrico|Riverview|Lithia|Dover|Seffner|Mulberry|Bartow|Auburndale,Y
Vern Buchanan,R,FL,16,FL16,(202) 225-5015,Sarasota/Bradenton,Sarasota|Bradenton|Manatee County|Palmetto|Lakewood Ranch|Longboat Key|Siesta Key|Venice|Englewood|North Port|Osprey|Nokomis,Y
W. Steube,R,FL,17,FL17,(202) 225-5792,,,
Scott Franklin,R,FL,18,FL18,(202) 225-1252,Winter Haven/Sebring,Winter Haven|Sebring|Highlands County|Polk County|Lake Wales|Haines City|Avon Park|Frostproof|Dundee|Eagle Lake|Davenport|Lake Placid,Y
Byron Donalds,R,FL,19,FL19,(202) 225-2536,Naples/Fort Myers,Naples|Fort Myers|Collier County|Cape Coral|Lee County|Bonita Springs|Estero|Marco Island|Lehigh Acres|Sanibel|Fort Myers Beach|Immokalee|Golden Gate,Y
Sheila Cherfilus-McCormick,D,FL,20,FL20,(202) 225-1313,,,
Brian Mast,R,FL,21,FL21,(202) 225-3026,Treasure Coast/Stuart,Treasure Coast|Stuart|Port St. Lucie|Jensen Beach|Martin County|St. Lucie County|Indian River County|Vero Beach|Sebastian|Fort Pierce|Hutchinson Island|Palm City|Hobe Sound,Y
Lois Frankel,D,FL,22,FL22,(202) 225-9890,,,
Jared Moskowitz,D,FL,23,FL23,(202) 225-3001,,,
Frederica Wilson,D,FL,24,FL24,(202) 225-4506,,,
Debbie Wasserman Schultz,D,FL,25,FL25,(202) 225-7931,,,
Mario Diaz-Balart,R,FL,26,FL26,(202) 225-4211,West Miami-Dade,West Miami-Dade|Doral|Sweetwater|Hialeah|Kendall|Miami Lakes|Hialeah Gardens|Medley|Virginia Gardens|Fontainebleau|Westchester|Tamiami|Country Walk,Y
Maria Salazar,R,FL,27,FL27,(202) 225-3931,,,
Carlos Gimenez,R,FL,28,FL28,(202) 225-2778,South Miami-Dade/Keys,South Miami-Dade|Keys|Key West|Homestead|Florida City|Key Largo|Marathon|Islamorada|Cutler Bay|Palmetto Bay|Pinecrest|Coral Gables|Coconut Grove|Key Biscayne,Y
Earl Carter,R,GA,01,GA01,(202) 225-5831,,,
Sanford Bishop Jr.,D,GA,02,GA02,(202) 225-3631,,,
Brian Jack,R,GA,03,GA03,(202) 225-5901,,,
Henry Johnson Jr.,D,GA,04,GA04,(202) 225-1605,,,
Nikema Williams,D,GA,05,GA05,(202) 225-3801,,,
Lucy McBath,D,GA,06,GA06,(202) 225-4501,,,
Richard McCormick,R,GA,07,GA07,(202) 225-4272,,,
Austin Scott,R,GA,08,GA08,(202) 225-6531,,,
Andrew Clyde,R,GA,09,GA09,(202) 225-9893,,,
Mike Collins,R,GA,10,GA10,(202) 225-4101,,,
Barry Loudermilk,R,GA,11,GA11,(202) 225-2931,,,
Rick Allen,R,GA,12,GA12,(202) 225-2823,,,
David Scott,D,GA,13,GA13,(202) 225-2939,,,
 ,,GA,14,GA14,(202) 225-5211,,,
James Moylan,R,GU,Delegate,GUDelegate,(202) 225-1188,,,
Ed Case,D,HI,01,HI01,(202) 225-2726,Honolulu,Honolulu|Waikiki|Oahu|Pearl City|Aiea|Kailua|Kaneohe|Mililani|Ewa Beach|Kapolei|Waipahu|Hawaii Kai|Manoa|Makiki,Y
Jill Tokuda,D,HI,02,HI02,(202) 225-4906,,,
Mariannette Miller-Meeks,R,IA,01,IA01,(202) 225-6576,,,
Ashley Hinson,R,IA,02,IA02,(202) 225-2911,,,
Zachary Nunn,R,IA,03,IA03,(202) 225-5476,,,
Randy Feenstra,R,IA,04,IA04,(202) 225-4426,,,
Russ Fulcher,R,ID,01,ID01,(202) 225-6611,,,
Michael Simpson,R,ID,02,ID02,(202) 225-5531,,,
Jonathan Jackson,D,IL,01,IL01,(202) 225-4372,,,
Robin Kelly,D,IL,02,IL02,(202) 225-0773,,,
Delia Ramirez,D,IL,03,IL03,(202) 225-5701,,,
Jesús García,D,IL,04,IL04,(202) 225-8203,,,
Mike Quigley,D,IL,05,IL05,(202) 225-4061,,,
Sean Casten,D,IL,06,IL06,(202) 225-4561,,,
Danny Davis,D,IL,07,IL07,(202) 225-5006,,,
Raja Krishnamoorthi,D,IL,08,IL08,(202) 225-3711,,,
Janice Schakowsky,D,IL,09,IL09,(202) 225-2111,,,
Bradley Schneider,D,IL,10,IL10,(202) 225-4835,,,
Bill Foster,D,IL,11,IL11,(202) 225-3515,,,
Mike Bost,R,IL,12,IL12,(202) 225-5661,,,
Nikki Budzinski,D,IL,13,IL13,(202) 225-2371,,,
Lauren Underwood,D,IL,14,IL14,(202) 225-2976,,,
Mary Miller,R,IL,15,IL15,(202) 225-5271,,,
Darin LaHood,R,IL,16,IL16,(202) 225-6201,,,
Eric Sorensen,D,IL,17,IL17,(202) 225-5905,Quad Cities/Peoria,Quad Cities|Peoria|Rock Island|Moline|Bloomington|Normal|East Peoria|Pekin|Galesburg|Macomb|Sterling|Dixon|Kewanee|Canton|Morton,Y
Frank Mrvan,D,IN,01,IN01,(202) 225-2461,,,
Rudy Yakym III,R,IN,02,IN02,(202) 225-3915,,,
Marlin Stutzman,R,IN,03,IN03,(202) 225-4436,,,
James Baird,R,IN,04,IN04,(202) 225-5037,,,
Victoria Spartz,R,IN,05,IN05,(202) 225-2276,,,
Jefferson Shreve,R,IN,06,IN06,(202) 225-3021,,,
André Carson,D,IN,07,IN07,(202) 225-4011,,,
Mark Messmer,R,IN,08,IN08,(202) 225-4636,,,
Erin Houchin,R,IN,09,IN09,(202) 225-5315,,,
Tracey Mann,R,KS,01,KS01,(202) 225-2715,,,
Derek Schmidt,R,KS,02,KS02,(202) 225-6601,,,
Sharice Davids,D,KS,03,KS03,(202) 225-2865,,,
Ron Estes,R,KS,04,KS04,(202) 225-6216,,,
James Comer,R,KY,01,KY01,(202) 225-3115,,,
Brett Guthrie,R,KY,02,KY02,(202) 225-3501,,,
Morgan McGarvey,D,KY,03,KY03,(202) 225-5401,,,
Thomas Massie,R,KY,04,KY04,(202) 225-3465,,,
Harold Rogers,R,KY,05,KY05,(202) 225-4601,,,
Andy Barr,R,KY,06,KY06,(202) 225-4706,,,
Steve Scalise,R,LA,01,LA01,(202) 225-3015,,,
Troy Carter,D,LA,02,LA02,(202) 225-6636,,,
Clay Higgins,R,LA,03,LA03,(202) 225-2031,,,
Mike Johnson,R,LA,04,LA04,(202) 225-2777,,,
Julia Letlow,R,LA,05,LA05,(202) 225-8490,,,
Cleo Fields,D,LA,06,LA06,(202) 225-3901,,,
Richard Neal,D,MA,01,MA01,(202) 225-5601,,,
James McGovern,D,MA,02,MA02,(202) 225-6101,,,
Lori Trahan,D,MA,03,MA03,(202) 225-3411,,,
Jake Auchincloss,D,MA,04,MA04,(202) 225-5931,,,
Katherine Clark,D,MA,05,MA05,(202) 225-2836,,,
Seth Moulton,D,MA,06,MA06,(202) 225-8020,,,
Ayanna Pressley,D,MA,07,MA07,(202) 225-5111,,,
Stephen Lynch,D,MA,08,MA08,(202) 225-8273,,,
William Keating,D,MA,09,MA09,(202) 225-3111,,,
Andy Harris,R,MD,01,MD01,(202) 225-5311,,,
Johnny Olszewski Jr.,D,MD,02,MD02,(202) 225-3061,,,
Sarah Elfreth,D,MD,03,MD03,(202) 225-4016,,,
Glenn Ivey,D,MD,04,MD04,(202) 225-8699,,,
Steny Hoyer,D,MD,05,MD05,(202) 225-4131,,,
April McClain Delaney,D,MD,06,MD06,(202) 225-2721,,,
Kweisi Mfume,D,MD,07,MD07,(202) 225-4741,,,
Jamie Raskin,D,MD,08,MD08,(202) 225-5341,,,
Chellie Pingree,D,ME,01,ME01,(202) 225-6116,,,
Jared Golden,D,ME,02,ME02,(202) 225-6306,,,
Jack Bergman,R,MI,01,MI01,(202) 225-4735,,,
John Moolenaar,R,MI,02,MI02,(202) 225-3561,,,
Hillary Scholten,D,MI,03,MI03,(202) 225-3831,,,
Bill Huizenga,R,MI,04,MI04,(202) 225-4401,,,
Tim Walberg,R,MI,05,MI05,(202) 225-6276,,,
Debbie Dingell,D,MI,06,MI06,(202) 225-4071,,,
Tom Barrett,R,MI,07,MI07,(202) 225-4872,,,
Kristen McDonald Rivet,D,MI,08,MI08,(202) 225-3611,Flint,Flint|Saginaw|Bay City|Midland|Genesee County|Saginaw County|Bay County|Midland County|Tuscola County|Burton|Grand Blanc|Davison|Flushing|Clio|Swartz Creek|Frankenmuth|Birch Run|Essexville|Bridgeport|Vassar|Caro|Kristen McDonald Rivet,Y
Lisa McClain,R,MI,09,MI09,(202) 225-2106,,,
John James,R,MI,10,MI10,(202) 225-4961,,,
Haley Stevens,D,MI,11,MI11,(202) 225-8171,,,
Rashida Tlaib,D,MI,12,MI12,(202) 225-5126,,,
Shri Thanedar,D,MI,13,MI13,(202) 225-5802,,,
Brad Finstad,R,MN,01,MN01,(202) 225-2472,,,
Angie Craig,D,MN,02,MN02,(202) 225-2271,,,
Kelly Morrison,D,MN,03,MN03,(202) 225-2871,,,
Betty McCollum,D,MN,04,MN04,(202) 225-6631,,,
Ilhan Omar,D,MN,05,MN05,(202) 225-4755,,,
Tom Emmer,R,MN,06,MN06,(202) 225-2331,,,
Michelle Fischbach,R,MN,07,MN07,(202) 225-2165,,,
Pete Stauber,R,MN,08,MN08,(202) 225-6211,,,
Wesley Bell,D,MO,01,MO01,(202) 225-2406,,,
Ann Wagner,R,MO,02,MO02,(202) 225-1621,,,
Robert Onder Jr.,R,MO,03,MO03,(202) 225-2956,,,
Mark Alford,R,MO,04,MO04,(202) 225-2876,,,
Emanuel Cleaver,D,MO,05,MO05,(202) 225-4535,Kansas City,Kansas City|Independence|Blue Springs|Jackson County|Raytown|Grandview|Lee's Summit|Grain Valley|Oak Grove|Sugar Creek|Buckner,Y
Sam Graves,R,MO,06,MO06,(202) 225-7041,,,
Eric Burlison,R,MO,07,MO07,(202) 225-6536,,,
Jason Smith,R,MO,08,MO08,(202) 225-4404,,,
Kimberlyn King-Hinds,R,MP,Delegate,MPDelegate,(202) 225-2646,,,
Trent Kelly,R,MS,01,MS01,(202) 225-4306,,,
Bennie Thompson,D,MS,02,MS02,(202) 225-5876,,,
Michael Guest,R,MS,03,MS03,(202) 225-5031,,,
Mike Ezell,R,MS,04,MS04,(202) 225-5772,,,
Ryan Zinke,R,MT,01,MT01,(202) 225-5628,,,
Troy Downing,R,MT,02,MT02,(202) 225-3211,,,
Donald Davis,D,NC,01,NC01,(202) 225-3101,Eastern NC/Greenville,Eastern NC|Greenville|New Bern|Kinston|Pitt County|Rocky Mount|Wilson|Tarboro|Edenton|Elizabeth City|Goldsboro|Washington|Havelock|Jacksonville NC,Y
Deborah Ross,D,NC,02,NC02,(202) 225-3032,,,
Gregory Murphy,R,NC,03,NC03,(202) 225-3415,,,
Valerie Foushee,D,NC,04,NC04,(202) 225-1784,,,
Virginia Foxx,R,NC,05,NC05,(202) 225-2071,,,
Addison McDowell,R,NC,06,NC06,(202) 225-3065,,,
David Rouzer,R,NC,07,NC07,(202) 225-2731,,,
Mark Harris,R,NC,08,NC08,(202) 225-1976,,,
Richard Hudson,R,NC,09,NC09,(202) 225-3715,,,
Pat Harrigan,R,NC,10,NC10,(202) 225-2576,,,
Chuck Edwards,R,NC,11,NC11,(202) 225-6401,,,
Alma Adams,D,NC,12,NC12,(202) 225-1510,,,
Brad Knott,R,NC,13,NC13,(202) 225-4531,,,
Tim Moore,R,NC,14,NC14,(202) 225-5634,,,
Julie Fedorchak,R,ND,00,ND00,(202) 225-2611,,,
Mike Flood,R,NE,01,NE01,(202) 225-4806,,,
Don Bacon,R,NE,02,NE02,(202) 225-4155,Omaha,Omaha|Bellevue|Papillion|Douglas County|Sarpy County|La Vista|Ralston|Gretna|Elkhorn|Boys Town|Offutt|Millard|Dundee|Benson,Y
Adrian Smith,R,NE,03,NE03,(202) 225-6435,,,
Chris Pappas,D,NH,01,NH01,(202) 225-5456,,,
Maggie Goodlander,D,NH,02,NH02,(202) 225-5206,,,
Donald Norcross,D,NJ,01,NJ01,(202) 225-6501,,,
Jefferson Van Drew,R,NJ,02,NJ02,(202) 225-6572,,,
Herbert Conaway Jr.,D,NJ,03,NJ03,(202) 225-4765,,,
Christopher Smith,R,NJ,04,NJ04,(202) 225-3765,Monmouth/Shore,Monmouth|Jersey Shore|Freehold|Lakewood|Ocean County|Toms River|Jackson|Howell|Wall|Colts Neck|Manalapan|Brick|Point Pleasant|Asbury Park|Long Branch|Red Bank|Christopher Smith,Y
Josh Gottheimer,D,NJ,05,NJ05,(202) 225-4465,,,
Frank Pallone Jr.,D,NJ,06,NJ06,(202) 225-4671,,,
Thomas Kean Jr.,R,NJ,07,NJ07,(202) 225-5361,Central NJ/Summit,Central NJ|Summit|Westfield|Bridgewater|Somerset|Union County|Cranford|Scotch Plains|Berkeley Heights|New Providence|Warren|Watchung|Chatham|Madison|Florham Park|Livingston,Y
Robert Menendez,D,NJ,08,NJ08,(202) 225-7919,,,
Nellie Pou,D,NJ,09,NJ09,(202) 225-5751,,,
LaMonica McIver,D,NJ,10,NJ10,(202) 225-3436,,,
 ,,NJ,11,NJ11,(202) 225-5034,,,
Bonnie Watson Coleman,D,NJ,12,NJ12,(202) 225-5801,,,
Melanie Stansbury,D,NM,01,NM01,(202) 225-6316,,,
Gabe Vasquez,D,NM,02,NM02,(202) 225-2365,Las Cruces/Southern NM,Las Cruces|Southern NM|Dona Ana County|Alamogordo|Carlsbad|Deming|Silver City|Truth or Consequences|Roswell|Artesia|Hobbs|Lovington|Sunland Park|Anthony|Mesilla,Y
Teresa Leger Fernandez,D,NM,03,NM03,(202) 225-6190,,,
Dina Titus,D,NV,01,NV01,(202) 225-5965,,,
Mark Amodei,R,NV,02,NV02,(202) 225-6155,,,
Susie Lee,D,NV,03,NV03,(202) 225-3252,,,
Steven Horsford,D,NV,04,NV04,(202) 225-9894,,,
Nick LaLota,R,NY,01,NY01,(202) 225-3826,Eastern Long Island,Eastern Long Island|Hamptons|Riverhead|Suffolk County|Brookhaven|Smithtown|Port Jefferson|Patchogue|Southampton|East Hampton|Montauk|Shelter Island|Sag Harbor|Mattituck|Greenport,Y
Andrew Garbarino,R,NY,02,NY02,(202) 225-7896,South Shore Long Island,South Shore Long Island|Babylon|Islip|Suffolk County|Bay Shore|Lindenhurst|Amityville|Copiague|West Islip|Massapequa|Seaford|Wantagh|Bellmore|Merrick|Freeport,Y
Thomas Suozzi,D,NY,03,NY03,(202) 225-3335,,,
Laura Gillen,D,NY,04,NY04,(202) 225-5516,,,
Gregory Meeks,D,NY,05,NY05,(202) 225-3461,,,
Grace Meng,D,NY,06,NY06,(202) 225-2601,,,
Nydia Velázquez,D,NY,07,NY07,(202) 225-2361,,,
Hakeem Jeffries,D,NY,08,NY08,(202) 225-5936,,,
Yvette Clarke,D,NY,09,NY09,(202) 225-6231,,,
Daniel Goldman,D,NY,10,NY10,(202) 225-7944,,,
Nicole Malliotakis,R,NY,11,NY11,(202) 225-3371,Staten Island,Staten Island|Bay Ridge|Brooklyn|Dyker Heights|Bensonhurst|Bath Beach|Gravesend|New Dorp|Tottenville|Great Kills|Midland Beach|Todt Hill|St. George|Stapleton,Y
Jerrold Nadler,D,NY,12,NY12,(202) 225-5635,,,
Adriano Espaillat,D,NY,13,NY13,(202) 225-4365,,,
Alexandria Ocasio-Cortez,D,NY,14,NY14,(202) 225-3965,,,
Ritchie Torres,D,NY,15,NY15,(202) 225-4361,,,
George Latimer,D,NY,16,NY16,(202) 225-2464,,,
Michael Lawler,R,NY,17,NY17,(202) 225-6506,,,
Patrick Ryan,D,NY,18,NY18,(202) 225-5614,,,
Josh Riley,D,NY,19,NY19,(202) 225-5441,,,
Paul Tonko,D,NY,20,NY20,(202) 225-5076,,,
Elise Stefanik,R,NY,21,NY21,(202) 225-4611,,,
John Mannion,D,NY,22,NY22,(202) 225-3701,,,
Nicholas Langworthy,R,NY,23,NY23,(202) 225-3161,,,
Claudia Tenney,R,NY,24,NY24,(202) 225-3665,,,
Joseph Morelle,D,NY,25,NY25,(202) 225-3615,,,
Timothy Kennedy,D,NY,26,NY26,(202) 225-3306,,,
Greg Landsman,D,OH,01,OH01,(202) 225-2216,,,
David Taylor,R,OH,02,OH02,(202) 225-3164,,,
Joyce Beatty,D,OH,03,OH03,(202) 225-4324,,,
Jim Jordan,R,OH,04,OH04,(202) 225-2676,,,
Robert Latta,R,OH,05,OH05,(202) 225-6405,,,
Michael Rulli,R,OH,06,OH06,(202) 225-5705,Steubenville/Eastern OH,Steubenville|Eastern OH|Youngstown|Mahoning|Columbiana|Salem|East Liverpool|Lisbon|Boardman|Canfield|Poland|Austintown|Warren|Niles|Girard,Y
Max Miller,R,OH,07,OH07,(202) 225-3876,Northeast OH/Medina,Northeast OH|Medina|Wooster|Wadsworth|Wayne County|Brunswick|Strongsville|North Royalton|Broadview Heights|Lodi|Orrville|Rittman|Seville|Hinckley|Richfield,Y
Warren Davidson,R,OH,08,OH08,(202) 225-6205,Troy/Butler County,Troy|Butler County|Middletown|Hamilton|Preble County|Piqua|Sidney|Tipp City|Fairfield|Oxford|Lebanon|Monroe|Eaton|Greenville|Xenia,Y
Marcy Kaptur,D,OH,09,OH09,(202) 225-4146,,,
Michael Turner,R,OH,10,OH10,(202) 225-6465,Dayton,Dayton|Kettering|Beavercreek|Montgomery County|Centerville|Oakwood|Huber Heights|Fairborn|Riverside|Vandalia|Englewood|Miamisburg|Springboro|West Carrollton|Michael Turner,Y
Shontel Brown,D,OH,11,OH11,(202) 225-7032,,,
Troy Balderson,R,OH,12,OH12,(202) 225-5355,,,
Emilia Sykes,D,OH,13,OH13,(202) 225-6265,,,
David Joyce,R,OH,14,OH14,(202) 225-5731,,,
Mike Carey,R,OH,15,OH15,(202) 225-2015,,,
Kevin Hern,R,OK,01,OK01,(202) 225-2211,,,
Josh Brecheen,R,OK,02,OK02,(202) 225-2701,,,
Frank Lucas,R,OK,03,OK03,(202) 225-5565,,,
Tom Cole,R,OK,04,OK04,(202) 225-6165,,,
Stephanie Bice,R,OK,05,OK05,(202) 225-2132,,,
Suzanne Bonamici,D,OR,01,OR01,(202) 225-0855,,,
Cliff Bentz,R,OR,02,OR02,(202) 225-6730,,,
Maxine Dexter,D,OR,03,OR03,(202) 225-4811,,,
Val Hoyle,D,OR,04,OR04,(202) 225-6416,,,
Janelle Bynum,D,OR,05,OR05,(202) 225-5711,,,
Andrea Salinas,D,OR,06,OR06,(202) 225-5643,,,
Brian Fitzpatrick,R,PA,01,PA01,(202) 225-4276,,,
Brendan Boyle,D,PA,02,PA02,(202) 225-6111,,,
Dwight Evans,D,PA,03,PA03,(202) 225-4001,,,
Madeleine Dean,D,PA,04,PA04,(202) 225-4731,,,
Mary Gay Scanlon,D,PA,05,PA05,(202) 225-2011,,,
Chrissy Houlahan,D,PA,06,PA06,(202) 225-4315,,,
Ryan Mackenzie,R,PA,07,PA07,(202) 225-6411,,,
Robert Bresnahan Jr.,R,PA,08,PA08,(202) 225-5546,Scranton/Wilkes-Barre,Scranton|Wilkes-Barre|Hazleton|Luzerne County|Lackawanna County|Pittston|Nanticoke|Kingston|Dunmore|Carbondale|Old Forge|Clarks Summit|Dallas|Mountaintop|Moosic|Robert Bresnahan,Y
Daniel Meuser,R,PA,09,PA09,(202) 225-6511,,,
Scott Perry,R,PA,10,PA10,(202) 225-5836,,,
Lloyd Smucker,R,PA,11,PA11,(202) 225-2411,,,
Summer Lee,D,PA,12,PA12,(202) 225-2135,,,
John Joyce,R,PA,13,PA13,(202) 225-2431,,,
Guy Reschenthaler,R,PA,14,PA14,(202) 225-2065,,,
Glenn Thompson,R,PA,15,PA15,(202) 225-5121,,,
Mike Kelly,R,PA,16,PA16,(202) 225-5406,,,
Christopher Deluzio,D,PA,17,PA17,(202) 225-2301,,,
Pablo Hernández,D,PR,Resident Commissioner,PRResident Commissioner,(202) 225-2615,,,
Gabe Amo,D,RI,01,RI01,(202) 225-4911,,,
Seth Magaziner,D,RI,02,RI02,(202) 225-2735,,,
Nancy Mace,R,SC,01,SC01,(202) 225-3176,,,
Joe Wilson,R,SC,02,SC02,(202) 225-2452,,,
Sheri Biggs,R,SC,03,SC03,(202) 225-5301,,,
William Timmons IV,R,SC,04,SC04,(202) 225-6030,,,
Ralph Norman,R,SC,05,SC05,(202) 225-5501,,,
James Clyburn,D,SC,06,SC06,(202) 225-3315,,,
Russell Fry,R,SC,07,SC07,(202) 225-9895,,,
Dusty Johnson,R,SD,00,SD00,(202) 225-2801,,,
Diana Harshbarger,R,TN,01,TN01,(202) 225-6356,,,
Tim Burchett,R,TN,02,TN02,(202) 225-5435,,,
Charles Fleischmann,R,TN,03,TN03,(202) 225-3271,,,
Scott DesJarlais,R,TN,04,TN04,(202) 225-6831,,,
Andrew Ogles,R,TN,05,TN05,(202) 225-4311,,,
John Rose,R,TN,06,TN06,(202) 225-4231,,,
Matt Van Epps,R,TN,07,TN07,(202) 225-2811,,,
David Kustoff,R,TN,08,TN08,(202) 225-4714,,,
Steve Cohen,D,TN,09,TN09,(202) 225-3265,,,
Nathaniel Moran,R,TX,01,TX01,(202) 225-3035,,,
Dan Crenshaw,R,TX,02,TX02,(202) 225-6565,,,
Keith Self,R,TX,03,TX03,(202) 225-4201,,,
Pat Fallon,R,TX,04,TX04,(202) 225-6673,,,
Lance Gooden,R,TX,05,TX05,(202) 225-3484,,,
Jake Ellzey,R,TX,06,TX06,(202) 225-2002,,,
Lizzie Fletcher,D,TX,07,TX07,(202) 225-2571,,,
Morgan Luttrell,R,TX,08,TX08,(202) 225-4901,,,
Al Green,D,TX,09,TX09,(202) 225-7508,,,
Michael McCaul,R,TX,10,TX10,(202) 225-2401,,,
August Pfluger,R,TX,11,TX11,(202) 225-3605,,,
Craig Goldman,R,TX,12,TX12,(202) 225-5071,,,
Ronny Jackson,R,TX,13,TX13,(202) 225-3706,,,
Randy Weber Sr.,R,TX,14,TX14,(202) 225-2831,,,
Monica De La Cruz,R,TX,15,TX15,(202) 225-9901,,,
Veronica Escobar,D,TX,16,TX16,(202) 225-4831,,,
Pete Sessions,R,TX,17,TX17,(202) 225-6105,,,
Christian Menefee,D,TX,18,TX18,(202) 225-3816,,,
Jodey Arrington,R,TX,19,TX19,(202) 225-4005,,,
Joaquin Castro,D,TX,20,TX20,(202) 225-3236,,,
Chip Roy,R,TX,21,TX21,(202) 225-4236,,,
Troy Nehls,R,TX,22,TX22,(202) 225-5951,,,
Tony Gonzales,R,TX,23,TX23,(202) 225-4511,,,
Beth Van Duyne,R,TX,24,TX24,(202) 225-6605,,,
Roger Williams,R,TX,25,TX25,(202) 225-9896,,,
Brandon Gill,R,TX,26,TX26,(202) 225-7772,,,
Michael Cloud,R,TX,27,TX27,(202) 225-7742,,,
Henry Cuellar,D,TX,28,TX28,(202) 225-1640,Laredo,Laredo|Webb County|Rio Grande Valley|Starr County|Zapata|Rio Grande City|Roma|San Ygnacio|Hebbronville|Cotulla|Pearsall|Eagle Pass,Y
Sylvia Garcia,D,TX,29,TX29,(202) 225-1688,,,
Jasmine Crockett,D,TX,30,TX30,(202) 225-8885,,,
John Carter,R,TX,31,TX31,(202) 225-3864,,,
Julie Johnson,D,TX,32,TX32,(202) 225-2231,,,
Marc Veasey,D,TX,33,TX33,(202) 225-9897,,,
Vicente Gonzalez,D,TX,34,TX34,(202) 225-2531,,,
Greg Casar,D,TX,35,TX35,(202) 225-5645,,,
Brian Babin,R,TX,36,TX36,(202) 225-1555,,,
Lloyd Doggett,D,TX,37,TX37,(202) 225-4865,,,
Wesley Hunt,R,TX,38,TX38,(202) 225-5646,,,
Blake Moore,R,UT,01,UT01,(202) 225-0453,,,
Celeste Maloy,R,UT,02,UT02,(202) 225-9730,,,
Mike Kennedy,R,UT,03,UT03,(202) 225-7751,,,
Burgess Owens,R,UT,04,UT04,(202) 225-3011,,,
Robert Wittman,R,VA,01,VA01,(202) 225-4261,,,
Jennifer Kiggans,R,VA,02,VA02,(202) 225-4215,Virginia Beach,Virginia Beach|Norfolk|Hampton Roads|Chesapeake|Eastern Shore|Accomack|Northampton|Poquoson|Williamsburg|Yorktown|Hampton|Gloucester|Mathews|Cape Charles|Jennifer Kiggans,Y
Robert Scott,D,VA,03,VA03,(202) 225-8351,,,
Jennifer McClellan,D,VA,04,VA04,(202) 225-6365,,,
John McGuire III,R,VA,05,VA05,(202) 225-4711,,,
Ben Cline,R,VA,06,VA06,(202) 225-5431,,,
Eugene Vindman,D,VA,07,VA07,(202) 225-2815,,,
Donald Beyer Jr.,D,VA,08,VA08,(202) 225-4376,,,
H. Griffith,R,VA,09,VA09,(202) 225-3861,,,
Suhas Subramanyam,D,VA,10,VA10,(202) 225-5136,,,
James Walkinshaw,D,VA,11,VA11,(202) 225-1492,,,
Stacey Plaskett,D,VI,Delegate,VIDelegate,(202) 225-1790,,,
Becca Balint,D,VT,00,VT00,(202) 225-4115,,,
Suzan DelBene,D,WA,01,WA01,(202) 225-6311,,,
Rick Larsen,D,WA,02,WA02,(202) 225-2605,,,
Marie Perez,D,WA,03,WA03,(202) 225-3536,Vancouver WA,Vancouver WA|Clark County|Longview|Kelso|Woodland|Battle Ground|Ridgefield|Camas|Washougal|La Center|Kalama|Castle Rock|Cathlamet,Y
Dan Newhouse,R,WA,04,WA04,(202) 225-5816,Yakima/Tri-Cities,Yakima|Tri-Cities|Kennewick|Richland|Pasco|Walla Walla|Ellensburg|Sunnyside|Grandview|Prosser|Toppenish|Selah|Moses Lake|Othello|Ephrata|Wenatchee,Y
Michael Baumgartner,R,WA,05,WA05,(202) 225-2006,,,
Emily Randall,D,WA,06,WA06,(202) 225-5916,,,
Pramila Jayapal,D,WA,07,WA07,(202) 225-3106,,,
Kim Schrier,D,WA,08,WA08,(202) 225-7761,Issaquah/East King County,Issaquah|East King County|Sammamish|Auburn|Enumclaw|Wenatchee|North Bend|Snoqualmie|Maple Valley|Covington|Black Diamond|Bonney Lake|Buckley|Leavenworth|Cashmere|Ellensburg,Y
Adam Smith,D,WA,09,WA09,(202) 225-8901,South Seattle/Tacoma,South Seattle|Tacoma|Renton|Kent|Federal Way|SeaTac|Tukwila|Burien|Des Moines|Lakewood|University Place|Fife|Milton|Pacific|Algona|Normandy Park,Y
Marilyn Strickland,D,WA,10,WA10,(202) 225-9740,,,
Bryan Steil,R,WI,01,WI01,(202) 225-3031,,,
Mark Pocan,D,WI,02,WI02,(202) 225-2906,,,
Derrick Van Orden,R,WI,03,WI03,(202) 225-5506,,,
Gwen Moore,D,WI,04,WI04,(202) 225-4572,,,
Scott Fitzgerald,R,WI,05,WI05,(202) 225-5101,,,
Glenn Grothman,R,WI,06,WI06,(202) 225-2476,,,
Thomas Tiffany,R,WI,07,WI07,(202) 225-3365,,,
Tony Wied,R,WI,08,WI08,(202) 225-5665,,,
Carol Miller,R,WV,01,WV01,(202) 225-3452,,,
Riley Moore,R,WV,02,WV02,(202) 225-2711,,,
Harriet Hageman,R,WY,00,WY00,(202) 225-2311,,,
